Dataset,Model,Accuracy,Precision,Recall,F1
Validation,Random Forest,0.871692060946271,0.8812963526256119,0.871692060946271,0.8696941640136454
Validation,Direct DNN/MLP,0.5854049719326383,0.5902342746858316,0.5854049719326383,0.5872144892201713
Validation,Profile-Aware Hybrid RF-DNN,0.8789093825180433,0.8788581626454337,0.8789093825180433,0.878361194773251
Test,Random Forest,0.8644747393744988,0.8708299489747111,0.8644747393744988,0.8629413059202797
Test,Direct DNN/MLP,0.5805934242181235,0.5844942140077585,0.5805934242181235,0.582178156922083
Test,Profile-Aware Hybrid RF-DNN,0.8660785886126704,0.8658994303168706,0.8660785886126704,0.8658841774949587
